:ID,model,reg,make,year,:LABEL
31238,4Runner,RY52 APF,Toyota,2005,Vehicle
31239,XJ Series,RH42 TAB,Jaguar,1992,Vehicle
60148,Coupe GT,LW72 POF,Audi,1985,Vehicle
60149,xB,TZ72 UGE,Scion,2011,Vehicle
60150,Sierra 2500,BN52 ACF,GMC,2012,Vehicle
60151,XT,UT72 FOP,Subaru,1988,Vehicle
60152,Edge,CS12 IAT,Ford,2010,Vehicle
60153,Continental Mark VII,DV72 BXZ,Lincoln,1985,Vehicle
60154,Ram,PV92 QVU,Dodge,2010,Vehicle
60155,Century,YN52 EAY,Buick,2003,Vehicle
60156,Mark LT,FH32 OTJ,Lincoln,2006,Vehicle
60157,Silverado 3500HD,BY22 NTX,Chevrolet,2006,Vehicle
60158,Pathfinder,FE32 ZPM,Nissan,2009,Vehicle
60159,Outback,XV12 FSL,Subaru,2012,Vehicle
60520,E250,DB22 LKC,Ford,2008,Vehicle
60521,F150,ZH72 GVL,Ford,1998,Vehicle
60522,S-Class,QI92 PKM,Mercedes-Benz,1995,Vehicle
60523,Sedona,LN02 EXR,Kia,2010,Vehicle
60524,LHS,FO22 OME,Chrysler,1995,Vehicle
60525,Touareg,QN22 PNO,Volkswagen,2011,Vehicle
60526,SRX,IY92 HQB,Cadillac,2004,Vehicle
60527,R8,CH92 SIV,Audi,2011,Vehicle
60528,Town & Country,KG72 SZU,Chrysler,1995,Vehicle
60529,MX-6,RF32 ZHC,Mazda,1997,Vehicle
60530,Sonoma Club Coupe,ZO22 NGD,GMC,1995,Vehicle
60531,Intrepid,PW72 CAO,Dodge,1993,Vehicle
60532,Scoupe,VH92 GDC,Hyundai,1993,Vehicle
60533,Capri,ZT62 ART,Mercury,1991,Vehicle
60534,Sable,YF82 PUO,Mercury,1988,Vehicle
60535,Crown Victoria,YD42 SIZ,Ford,2006,Vehicle
60536,F430,DI62 XPC,Ferrari,2009,Vehicle
60537,Bonneville,XJ62 VQT,Pontiac,1993,Vehicle
60538,M-Class,UT32 RLO,Mercedes-Benz,2002,Vehicle
60539,DeVille,GI32 GLR,Cadillac,2002,Vehicle
60540,Azure T,GD52 HIX,Bentley,2010,Vehicle
60541,190E,IE92 KNF,Mercedes-Benz,1993,Vehicle
60542,MX-5,MV82 KGN,Mazda,2001,Vehicle
60543,Concorde,CR02 TIK,Chrysler,1996,Vehicle
60544,Escalade,DY72 IQU,Cadillac,2004,Vehicle
60545,Odyssey,SB62 DKJ,Honda,2012,Vehicle
60546,CX-9,GE72 NES,Mazda,2008,Vehicle
60547,Grand Vitara,EC62 OEQ,Suzuki,2000,Vehicle
60548,Ram 3500,IA52 ELD,Dodge,2009,Vehicle
60549,FF,YM92 HLN,Ferrari,2012,Vehicle
60550,V40,HA12 WAZ,Volvo,2003,Vehicle
60551,Laser,KB72 RAY,Plymouth,1992,Vehicle
60552,Ram 1500,CE52 WAY,Dodge,2009,Vehicle
60553,Aveo,VH62 LHU,Chevrolet,2009,Vehicle
60554,Grand Marquis,UB92 VQU,Mercury,2008,Vehicle
60555,Probe,NS12 XOJ,Ford,1996,Vehicle
60556,928,XS02 PHZ,Porsche,1990,Vehicle
60557,Suburban 1500,LT12 PWY,Chevrolet,1999,Vehicle
60558,Discovery,YU32 LZM,Land Rover,2010,Vehicle
60559,C70,WU82 YSV,Volvo,2006,Vehicle
60560,Tribute,NL52 QXI,Mazda,2009,Vehicle
60561,Reventón,RU12 MWZ,Lamborghini,2008,Vehicle
60562,Continental,DB02 GLU,Lincoln,1984,Vehicle
60563,Montero,AO82 PYQ,Mitsubishi,1997,Vehicle
60564,Matrix,HJ42 KOS,Toyota,2004,Vehicle
60565,745,LQ72 NJD,BMW,2004,Vehicle
60566,Esprit,NF22 ZQY,Lotus,1991,Vehicle
60567,Bonneville,HL92 LDW,Pontiac,1965,Vehicle
60568,Ram 3500,EG92 CFG,Dodge,1997,Vehicle
60569,Explorer,KN52 HYN,Ford,2009,Vehicle
60570,Mark LT,QT82 TJF,Lincoln,2006,Vehicle
60571,90,XH82 RFW,Audi,1995,Vehicle
60572,Mustang,HQ32 MLR,Ford,1991,Vehicle
60573,Safari,BS92 JME,GMC,2003,Vehicle
60574,SLK-Class,JB62 RHL,Mercedes-Benz,1998,Vehicle
60575,Caravan,GJ12 NEA,Dodge,2010,Vehicle
60576,MDX,TS92 JME,Acura,2002,Vehicle
60577,DeVille,AN82 PHX,Cadillac,1998,Vehicle
60578,B-Series Plus,IO22 LHA,Mazda,1998,Vehicle
60579,Q7,ND12 WHT,Audi,2012,Vehicle
60580,Passat,PO72 HVJ,Volkswagen,1994,Vehicle
60581,Laser,PO42 CNO,Plymouth,1993,Vehicle
60582,M,BX32 QRI,BMW,2002,Vehicle
60583,Eurovan,YP12 CRE,Volkswagen,1997,Vehicle
60584,Yukon XL 2500,JN92 KIB,GMC,2010,Vehicle
60585,IS,XA12 FRV,Lexus,2012,Vehicle
60586,Mustang,ZV52 OBG,Ford,2009,Vehicle
60587,80,AC92 YDL,Audi,1989,Vehicle
60588,Canyon,PJ02 QGM,GMC,2006,Vehicle
60589,XG350,UV72 HSP,Hyundai,2003,Vehicle
60590,Rondo,TG42 OWK,Kia,2010,Vehicle
60591,Silverado 3500,IF82 JFS,Chevrolet,2005,Vehicle
60592,Expo,FK62 XMN,Mitsubishi,1995,Vehicle
60593,G6,LC62 XKN,Pontiac,2005,Vehicle
60594,Galant,SC02 XAH,Mitsubishi,2011,Vehicle
60595,Summit,KT32 UPM,Eagle,1994,Vehicle
60596,Elise,MI52 PON,Lotus,2010,Vehicle
60597,Passport,TZ52 UOK,Honda,2001,Vehicle
60598,Outback,HF42 JVY,Subaru,2001,Vehicle
60599,Windstar,IX72 PLS,Ford,2001,Vehicle
60600,LeMans,BN52 KHX,Pontiac,1990,Vehicle
60601,Rocky,ZO12 XMS,Daihatsu,1992,Vehicle
60602,Mazda2,ZL22 JGA,Mazda,2011,Vehicle
60603,Tacoma Xtra,IW32 HTV,Toyota,2001,Vehicle
60604,2500 Club Coupe,PT52 FDC,GMC,1992,Vehicle
60605,Legacy,CN62 EBF,Subaru,1989,Vehicle
60606,Rogue,OE42 VLN,Nissan,2009,Vehicle
60607,Land Cruiser,PW22 ENY,Toyota,2003,Vehicle
60608,Silverado 2500,OI02 DQB,Chevrolet,1999,Vehicle
60609,Tahoe,MV42 JFB,Chevrolet,2013,Vehicle
60610,Verona,QI82 CNX,Suzuki,2004,Vehicle
60611,Avenger,YU82 VRO,Dodge,2009,Vehicle
60612,Cayman,CD02 LGY,Porsche,2008,Vehicle
60613,Expedition EL,KJ22 HEM,Ford,2012,Vehicle
60614,ES,JU12 QRN,Lexus,1997,Vehicle
60615,LS Hybrid,OR12 KMW,Lexus,2011,Vehicle
60616,S-Type,EB72 EWD,Jaguar,2004,Vehicle
60617,Protege,JA62 OWK,Mazda,1997,Vehicle
60618,Reatta,UD02 YUS,Buick,1990,Vehicle
60619,C30,ZQ32 AGE,Volvo,2008,Vehicle
60620,Journey,JI22 KWU,Dodge,2012,Vehicle
60621,ES,UT32 MKW,Lexus,2010,Vehicle
60622,Relay,SZ42 IBV,Saturn,2007,Vehicle
60623,Swift,VC32 DPK,Suzuki,1999,Vehicle
60624,Accent,XH52 XAE,Hyundai,2001,Vehicle
60625,F250,FN22 AIF,Ford,1984,Vehicle
60626,C70,LD42 EOP,Volvo,2009,Vehicle
60627,Justy,TW42 OCJ,Subaru,1992,Vehicle
60628,Esteem,TZ02 BVQ,Suzuki,1997,Vehicle
60629,Camry,KR92 RCH,Toyota,2003,Vehicle
60630,Countryman,IN52 NPD,MINI,2011,Vehicle
60631,200SX,MO92 GUF,Nissan,1998,Vehicle
60632,Escort,MT82 UBG,Ford,1991,Vehicle
60633,Amanti,MJ42 UAP,Kia,2009,Vehicle
60634,Minx Magnificent,DY02 UKS,Hillman,1950,Vehicle
60635,Taurus,CY62 XGY,Ford,2001,Vehicle
60636,RX,FU62 OLJ,Lexus,2000,Vehicle
60637,RL,AD32 UXT,Acura,2008,Vehicle
60638,Relay,YH62 RHC,Saturn,2006,Vehicle
60639,Routan,WK62 ARC,Volkswagen,2011,Vehicle
60640,M5,ID22 SBW,BMW,2010,Vehicle
60641,V8 Vantage,BT22 ZEG,Aston Martin,2012,Vehicle
60642,Wrangler,IA62 CRA,Jeep,2002,Vehicle
60643,Torrent,IS22 BKQ,Pontiac,2006,Vehicle
60644,Cayenne,MF22 IAF,Porsche,2003,Vehicle
60645,Grand Caravan,DQ42 RGD,Dodge,2007,Vehicle
60646,Freestar,MX22 JEV,Ford,2003,Vehicle
60647,Ram,OP52 HMI,Dodge,1994,Vehicle
60648,Vantage,AW22 PIC,Aston Martin,2007,Vehicle
60649,Blazer,DM52 WRL,Chevrolet,1997,Vehicle
60650,Silverado 3500,EW62 XFQ,Chevrolet,2004,Vehicle
60651,Avenger,RE92 YXD,Dodge,2000,Vehicle
60652,GTO,RU72 XAW,Pontiac,1974,Vehicle
60653,A5,HY62 SCA,Audi,2011,Vehicle
60654,Continental,LB92 SGW,Lincoln,1988,Vehicle
60655,EXP,IL22 AFJ,Ford,1988,Vehicle
60656,Vandura G2500,TI12 BUJ,GMC,1995,Vehicle
60657,Sierra 3500,BY82 OSR,GMC,2003,Vehicle
60658,Caliber,SW32 IFP,Dodge,2007,Vehicle
60659,Alpina B7,MV72 FPG,BMW,2008,Vehicle
60660,I,VB42 DZC,Infiniti,2000,Vehicle
60661,Nuova 500,YF52 HUP,Fiat,2012,Vehicle
60662,Metro,BU52 JBG,Chevrolet,2001,Vehicle
60663,S40,CL82 RYE,Volvo,2011,Vehicle
60664,Touareg,IX82 UBY,Volkswagen,2011,Vehicle
60665,D150 Club,OS32 KAS,Dodge,1992,Vehicle
60666,Sebring,FA12 LQB,Chrysler,1998,Vehicle
60667,W201,TU02 MPC,Mercedes-Benz,1989,Vehicle
60668,9-3,NF92 VRZ,Saab,2012,Vehicle
60669,E-Series,MO22 TYR,Ford,1989,Vehicle
60670,Equinox,XC02 QBL,Chevrolet,2009,Vehicle
60671,Exige,QO02 NUR,Lotus,2005,Vehicle
60672,Echo,YU02 CKW,Toyota,2001,Vehicle
60673,JUKE,TC42 LAQ,Nissan,2012,Vehicle
60674,E-Series,TX02 STE,Ford,2007,Vehicle
60675,S4,SV42 XKC,Audi,2011,Vehicle
60676,STS,VR92 EUD,Cadillac,2006,Vehicle
60677,Mini Cooper,KR32 IPB,Austin,1964,Vehicle
60678,LTD Crown Victoria,FL02 FBE,Ford,1989,Vehicle
60679,Coachbuilder,DR42 QWD,Buick,1990,Vehicle
60680,Capri,KE62 SFO,Mercury,1993,Vehicle
60681,Passat,VN82 RNT,Volkswagen,1990,Vehicle
60682,E250,AZ02 IYD,Ford,1984,Vehicle
60683,Sebring,UG52 KTB,Chrysler,1996,Vehicle
60684,Silverado 1500,QC92 ZVF,Chevrolet,2011,Vehicle
60685,XLR,RI62 TIA,Cadillac,2005,Vehicle
60686,Summit,RB42 RWM,Eagle,1993,Vehicle
60687,Elan,BD52 GQL,Lotus,1992,Vehicle
60688,Protege,JY72 BAG,Mazda,1995,Vehicle
60689,Kizashi,EN82 BLF,Suzuki,2011,Vehicle
60690,E150,KX02 SWG,Ford,1984,Vehicle
60691,CL-Class,IN42 RJF,Mercedes-Benz,2000,Vehicle
60692,Maxima,PK32 MWQ,Nissan,2002,Vehicle
60693,Celica,PI12 ENO,Toyota,1995,Vehicle
60694,Legacy,NB52 STR,Subaru,2011,Vehicle
60695,Sigma,JK42 QXU,Mitsubishi,1990,Vehicle
60696,Silverado 3500,FD92 ZRW,Chevrolet,2003,Vehicle
60697,Mustang,NP82 PFM,Ford,1994,Vehicle
60698,Prius,IZ92 IPS,Toyota,2002,Vehicle
60699,900,OX52 FZH,Saab,1985,Vehicle
60700,XLR,RK52 RCL,Cadillac,2009,Vehicle
60701,Montero Sport,CA12 JXP,Mitsubishi,1997,Vehicle
60702,Impreza,OQ72 NUC,Subaru,1996,Vehicle
60703,Mountaineer,DE92 OSL,Mercury,2002,Vehicle
60704,Mazda3,PW42 GHD,Mazda,2011,Vehicle
60705,Town Car,ID12 EVH,Lincoln,2010,Vehicle
60706,2500 Club Coupe,OB92 FMA,GMC,1998,Vehicle
60707,Xterra,XD42 ODR,Nissan,2009,Vehicle
60708,Impreza,RB52 FYD,Subaru,2003,Vehicle
60709,Imperial,DJ02 XSG,Chrysler,1926,Vehicle
60710,Odyssey,AN52 RPX,Honda,2009,Vehicle
60711,Quattroporte,BJ62 UML,Maserati,2012,Vehicle
60712,M,IA32 LGK,BMW,2000,Vehicle
60713,GTO,UN42 IJG,Pontiac,1969,Vehicle
60714,Land Cruiser,DE42 FEX,Toyota,2011,Vehicle
60715,Parisienne,RV62 RUD,Pontiac,1986,Vehicle
60716,CLK-Class,MW42 HXZ,Mercedes-Benz,1998,Vehicle
60717,Grand Vitara,AV12 PJA,Suzuki,2003,Vehicle
60718,1 Series,ZD22 MXF,BMW,2011,Vehicle
60719,MINI,NQ12 VSE,MINI,2002,Vehicle
60720,944,HX12 MPH,Porsche,1990,Vehicle
60721,Seville,MO92 FGM,Cadillac,1995,Vehicle
60722,CX-9,TP32 SLC,Mazda,2007,Vehicle
60723,Volare,FP82 DLQ,Plymouth,1976,Vehicle
60724,Mustang,LF92 SGU,Ford,1994,Vehicle
60725,XC90,TY22 QYE,Volvo,2008,Vehicle
60726,SX4,HP82 MGC,Suzuki,2011,Vehicle
60727,H3,JV52 TGV,Hummer,2009,Vehicle
60728,XJ,WM92 ZGQ,Jaguar,2012,Vehicle
60729,Firebird,AO62 HQE,Pontiac,1967,Vehicle
60730,RL,MB22 LTH,Acura,2010,Vehicle
60731,F250,YQ12 EBN,Ford,1997,Vehicle
60732,4Runner,FX82 AMD,Toyota,2008,Vehicle
60733,Passport,HE72 ASN,Honda,1999,Vehicle
60734,929,AG52 WIP,Mazda,1992,Vehicle
60735,Azera,EU12 VZU,Hyundai,2009,Vehicle
60736,Corolla,RO82 FCS,Toyota,2005,Vehicle
60737,Freestar,PY72 TCR,Ford,2006,Vehicle
60738,Vanquish S,YN32 JOG,Aston Martin,2005,Vehicle
60739,RL,EV52 ION,Acura,2006,Vehicle
60740,Leaf,TE52 WVK,Nissan,2011,Vehicle
60741,Phantom,TG62 UJA,Rolls-Royce,2012,Vehicle
60742,Vandura 1500,NO82 GHS,GMC,1992,Vehicle
60743,Taurus,XQ82 KYF,Ford,2006,Vehicle
60744,Prowler,MY42 XHC,Chrysler,2002,Vehicle
60745,Protege,PX32 JOT,Mazda,2000,Vehicle
60746,S6,DT62 IGU,Audi,2007,Vehicle
60747,Mighty Max,GN12 PJX,Mitsubishi,1995,Vehicle
60748,Tacoma,QP52 EBT,Toyota,2004,Vehicle
60749,Sunfire,HV72 WNG,Pontiac,1999,Vehicle
60750,Continental Mark VII,AZ72 UPF,Lincoln,1985,Vehicle
60751,Neon,RQ62 MNF,Plymouth,1999,Vehicle
60752,Aerostar,UA02 EYG,Ford,1987,Vehicle
60753,Mazda3,ZB62 SYW,Mazda,2008,Vehicle
60754,Diablo,JP42 IUS,Lamborghini,1993,Vehicle
60755,Insight,NK72 TRG,Honda,2005,Vehicle
60756,Nubira,RD82 VHD,Daewoo,2000,Vehicle
60757,900,PQ72 AHJ,Saab,1984,Vehicle
60758,Challenger,SW32 UQN,Mitsubishi,2000,Vehicle
60759,Continental GT,YL92 MIX,Bentley,2012,Vehicle
60760,Lucerne,LW12 GRF,Buick,2010,Vehicle
60761,CTS-V,HQ22 VLD,Cadillac,2010,Vehicle
60762,Grand Prix,WR32 BAL,Pontiac,2006,Vehicle
60763,LR4,IV72 QVU,Land Rover,2012,Vehicle
60764,Panamera,FD22 TAY,Porsche,2012,Vehicle
60765,C30,MW42 SGR,Volvo,2009,Vehicle
60766,QX,JV92 BKC,Infiniti,1997,Vehicle
60767,NSX,YR82 IOW,Acura,1992,Vehicle
60768,Taurus,KX52 CPU,Ford,1997,Vehicle
60769,Biturbo,JC62 JAT,Maserati,1985,Vehicle
60770,Sierra,FA42 YFL,GMC,2010,Vehicle
60771,F450,CK22 ATG,Ford,2010,Vehicle
60772,Galant,VK42 EPV,Mitsubishi,1996,Vehicle
60773,Probe,OS92 CTW,Ford,1992,Vehicle
60774,Legacy,VU42 GDF,Subaru,2006,Vehicle
60775,Altima,VL92 ESU,Nissan,2011,Vehicle
60776,Elantra,BL72 QJH,Hyundai,1996,Vehicle
60777,Boxster,NQ02 SKG,Porsche,2008,Vehicle
60778,Edge,EZ12 KQM,Ford,2010,Vehicle
60779,Pacifica,SD22 BNR,Chrysler,2008,Vehicle
60780,Brat,JD42 HVF,Subaru,1986,Vehicle
60781,Spectra5,PE82 NSV,Kia,2006,Vehicle
60782,Justy,UF02 QFB,Subaru,1988,Vehicle
60783,Defender 110,SB32 PLG,Land Rover,1993,Vehicle
60784,Titan,TM02 WUI,Nissan,2006,Vehicle
60785,Avalanche 1500,FO42 EGN,Chevrolet,2005,Vehicle
60786,Bonneville,EK42 XAG,Pontiac,1964,Vehicle
60787,Wrangler,PU92 QYS,Jeep,2005,Vehicle
60788,Pajero,AJ82 UQF,Mitsubishi,1987,Vehicle
60789,Grand Prix Turbo,SB22 IZK,Pontiac,1990,Vehicle
60790,M6,WY72 IYW,BMW,2007,Vehicle
60791,Concorde,CK52 VPO,Chrysler,1997,Vehicle
60792,Lancer,IC32 PYQ,Mitsubishi,2005,Vehicle
60793,Impreza,PT62 AOZ,Subaru,1996,Vehicle
60794,TL,VD02 ZSJ,Acura,1999,Vehicle
60795,B-Series,BQ72 PQD,Mazda,2002,Vehicle
60796,Express 2500,MH62 JHB,Chevrolet,2009,Vehicle
60797,DeVille,RF92 UWD,Cadillac,1999,Vehicle
60798,57,YK82 APG,Maybach,2006,Vehicle
60799,3500,ZP72 TUK,Chevrolet,1997,Vehicle
60800,Astro,JZ32 GCX,Chevrolet,1998,Vehicle
60801,Taurus X,FR82 EYX,Ford,2008,Vehicle
60802,CX-9,HW82 PTQ,Mazda,2007,Vehicle
60803,Regal,WP42 TJM,Buick,2002,Vehicle
60804,Nitro,BX42 KBV,Dodge,2010,Vehicle
60805,Corvette,ZC32 EAT,Chevrolet,1978,Vehicle
60806,Sunfire,YH52 MDT,Pontiac,2000,Vehicle
60807,Sedona,DX92 CUO,Kia,2012,Vehicle
60808,9-3,YC82 LRZ,Saab,2006,Vehicle
60809,Wrangler,NX02 ITX,Jeep,2012,Vehicle
60810,Echo,VM02 WDV,Toyota,2000,Vehicle
60811,2500 Club Coupe,LV12 NAR,GMC,1993,Vehicle
60812,Discovery,VU62 POB,Land Rover,2012,Vehicle
60813,G,DF02 OZQ,Infiniti,2008,Vehicle
60814,Accent,GL52 HGC,Hyundai,2006,Vehicle
60815,SLK-Class,MA12 LYX,Mercedes-Benz,2006,Vehicle
60816,Expedition,BA12 BKY,Ford,2011,Vehicle
60817,Impala,WV92 ILU,Chevrolet,1996,Vehicle
60818,Sunfire,AC82 QKE,Pontiac,1999,Vehicle
60819,Maxima,UD02 GJT,Nissan,2012,Vehicle
60820,VUE,AQ22 SPD,Saturn,2002,Vehicle
60821,Celica,MS82 VDE,Toyota,2004,Vehicle
60822,Grand Prix,CI32 GJP,Pontiac,1973,Vehicle
60823,9-2X,XT72 BNG,Saab,2006,Vehicle
60824,Sonata,XH52 IMY,Hyundai,2008,Vehicle
60825,V40,ZS22 TNH,Volvo,2000,Vehicle
60826,Pathfinder,KS92 JGK,Nissan,2010,Vehicle
60827,Tahoe,BD22 BSE,Chevrolet,1996,Vehicle
60828,Century,HY52 ZFY,Buick,1994,Vehicle
60829,Tacoma Xtra,QB82 QYC,Toyota,1996,Vehicle
60830,Rally Wagon 1500,BL02 UCD,GMC,1992,Vehicle
60831,RX,LG82 GLA,Lexus,2011,Vehicle
60832,LeMans,IV12 TKN,Pontiac,1990,Vehicle
60833,LeBaron,TH42 HNQ,Chrysler,1994,Vehicle
60834,Ranger,FE22 ROA,Ford,1999,Vehicle
60835,Durango,VW82 STO,Dodge,1998,Vehicle
60836,MKZ,AH72 OSK,Lincoln,2007,Vehicle
60837,RAV4,RB02 VNY,Toyota,1998,Vehicle
60838,XLR-V,QV82 WAP,Cadillac,2006,Vehicle
60839,9-4X,KJ52 VRW,Saab,2011,Vehicle
60840,Sonata,VN82 UEK,Hyundai,1997,Vehicle
60841,Routan,GJ22 UHM,Volkswagen,2009,Vehicle
60842,RL,UQ02 PXO,Acura,2011,Vehicle
60843,Town & Country,NW42 FIR,Chrysler,2002,Vehicle
60844,Pathfinder,QD02 BOV,Nissan,2001,Vehicle
60845,Accent,DQ62 IHG,Hyundai,1999,Vehicle
60846,Phaeton,WK42 GQZ,Volkswagen,2005,Vehicle
60847,Maxima,WU02 YLZ,Nissan,2011,Vehicle
60848,i-350,YC62 SVG,Isuzu,2006,Vehicle
60849,Altima,HY32 MUG,Nissan,2013,Vehicle
60850,Estate,LT72 DCA,Buick,1989,Vehicle
60851,911,FA02 LET,Porsche,1998,Vehicle
60852,Town & Country,HD22 VYQ,Chrysler,1998,Vehicle
60853,Esprit,JH52 ERA,Lotus,2000,Vehicle
60854,CT,PE92 YMC,Lexus,2011,Vehicle
60855,R-Class,TG72 MXO,Mercedes-Benz,2007,Vehicle
60856,MX-5,SO32 YZS,Mazda,1998,Vehicle
60857,88,AW82 GYV,Oldsmobile,1995,Vehicle
60858,Town Car,PD42 ARE,Lincoln,2001,Vehicle
60859,Malibu,YM82 IPF,Chevrolet,2009,Vehicle
60860,CL-Class,FQ12 KUA,Mercedes-Benz,2002,Vehicle
60861,Sonata,RQ62 IYB,Hyundai,2003,Vehicle
60862,90,VW42 SDG,Audi,1989,Vehicle
60863,F-Series,PW72 HUG,Ford,2010,Vehicle
60864,TT,XU62 NGF,Audi,2002,Vehicle
60865,Impreza,BM62 CJG,Subaru,2011,Vehicle
60866,Grand Vitara,NO82 ZKI,Suzuki,2012,Vehicle
60867,Continental,BT72 UMQ,Lincoln,1988,Vehicle
60868,Jetta III,UR62 AZD,Volkswagen,1995,Vehicle
60869,Blazer,UW22 OPF,Chevrolet,1994,Vehicle
60870,Catera,JN52 DFL,Cadillac,1999,Vehicle
60871,Xterra,HO92 RDN,Nissan,2012,Vehicle
60872,Escalade ESV,YH52 CFH,Cadillac,2007,Vehicle
60873,Altima,CE92 YCA,Nissan,1995,Vehicle
60874,Mustang,HI62 WQN,Ford,2003,Vehicle
60875,Avalanche,EL92 GDC,Chevrolet,2007,Vehicle
60876,CL-Class,UJ02 EMN,Mercedes-Benz,2010,Vehicle
60877,RX-7,BT82 AGE,Mazda,1991,Vehicle
60878,Miata MX-5,XN92 IFC,Mazda,1995,Vehicle
60879,G-Series 1500,FA62 KBP,Chevrolet,1998,Vehicle
60880,Silverado,BR32 QXF,Chevrolet,2007,Vehicle
60881,Lancer Evolution,DX72 TZU,Mitsubishi,2005,Vehicle
60882,Voyager,LY72 FYQ,Chrysler,2000,Vehicle
60883,GT-R,FM62 XZE,Nissan,2010,Vehicle
60884,Maxima,DT42 RTI,Nissan,1993,Vehicle
60885,Escort,YB42 RFZ,Ford,2002,Vehicle
60886,850,PM12 ZMC,Volvo,1997,Vehicle
60887,Century,XY62 KOD,Buick,1986,Vehicle
60888,SRX,NS52 VTO,Cadillac,2009,Vehicle
60889,Defender 110,PA42 AUR,Land Rover,1993,Vehicle
60890,Outback,IM72 LQA,Subaru,2007,Vehicle
60891,Rio,BE32 PJE,Kia,2011,Vehicle
60892,Protege,XP12 RAE,Mazda,1997,Vehicle
60893,RX-7,PX32 TOZ,Mazda,1987,Vehicle
60894,Town & Country,SG12 MVS,Chrysler,1992,Vehicle
60895,Bonneville,PD02 LZB,Pontiac,1996,Vehicle
60896,Escort,JC72 RXN,Ford,1987,Vehicle
60897,Grand Am,JU02 ESO,Pontiac,1993,Vehicle
60898,S-Class,DB12 SGH,Mercedes-Benz,1992,Vehicle
60899,Optima,FE82 CRM,Kia,2002,Vehicle
60900,Grand Cherokee,KA42 KNG,Jeep,2003,Vehicle
60901,3000GT,YH82 LGC,Mitsubishi,1995,Vehicle
60902,Cayenne,WF12 DNK,Porsche,2006,Vehicle
60903,CTS,IS72 HRN,Cadillac,2009,Vehicle
60904,Thunderbird,ZJ82 LVG,Ford,1987,Vehicle
60905,Cayenne,GQ42 MGJ,Porsche,2009,Vehicle
60906,Bonneville,CW82 APC,Pontiac,2005,Vehicle
60907,Frontier,VE02 HXS,Nissan,2006,Vehicle
60908,Yukon,NE32 HGZ,GMC,2006,Vehicle
60909,Ram Van 2500,AQ52 TWY,Dodge,1996,Vehicle
60910,EXP,LE02 KMP,Ford,1988,Vehicle
60911,Bonneville,IK12 AOY,Pontiac,1990,Vehicle
60912,Grand Cherokee,JP22 WDB,Jeep,1996,Vehicle
60913,3500,YP42 VUY,Chevrolet,2000,Vehicle
60914,626,UC52 SYP,Mazda,1990,Vehicle
60915,C-Class,SF12 GHI,Mercedes-Benz,2011,Vehicle
60916,Safari,TM02 CZR,GMC,1994,Vehicle
60917,Sierra 3500,KV92 TFR,GMC,2009,Vehicle
60918,X6,KY22 EQB,BMW,2008,Vehicle
60919,XJ,CI52 DZN,Jaguar,2009,Vehicle
60920,LTD Crown Victoria,NJ12 DEZ,Ford,1984,Vehicle
60921,RAV4,ZB22 AKV,Toyota,2009,Vehicle
60922,745,YM22 LTJ,BMW,2004,Vehicle
60923,62,HK62 YGI,Maybach,2004,Vehicle
60924,E-Class,BI92 XCN,Mercedes-Benz,1996,Vehicle
60925,200SX,RZ22 ZJT,Nissan,1995,Vehicle
60926,Tahoe,PK42 TEG,Chevrolet,2012,Vehicle
60927,FX,CR42 HFA,Infiniti,2009,Vehicle
60928,Venza,RB12 ZVO,Toyota,2012,Vehicle
60929,MDX,DY52 NOE,Acura,2010,Vehicle
60930,Land Cruiser,BA62 NVC,Toyota,2003,Vehicle
60931,Passat,XM72 CLX,Volkswagen,1996,Vehicle
60932,Prizm,GK62 POW,Geo,1997,Vehicle
60933,9000,HZ52 NVA,Saab,1992,Vehicle
60934,Horizon,IJ02 TJL,Plymouth,1978,Vehicle
60935,Silverado 1500,HB12 JYP,Chevrolet,2004,Vehicle
60936,Sportvan G20,IR22 RTJ,Chevrolet,1993,Vehicle
60937,Town & Country,PX82 AZE,Chrysler,1998,Vehicle
60938,Trooper,AS72 QAF,Isuzu,2002,Vehicle
60939,Cougar,TE82 ICR,Mercury,1970,Vehicle
60940,Sonoma Club Coupe,VD12 HDW,GMC,1997,Vehicle
60941,Trans Sport,TR42 WNQ,Pontiac,1998,Vehicle
60942,Range Rover,JF82 NHL,Land Rover,2004,Vehicle
60943,E-Series,BM52 WSV,Ford,1989,Vehicle
60944,Solara,JR62 OET,Toyota,2000,Vehicle
60945,Elantra,GB42 CDM,Hyundai,2005,Vehicle
60946,3000GT,VA12 ZXC,Mitsubishi,1999,Vehicle
60947,Continental GT,MA72 IRT,Bentley,2009,Vehicle
60948,Montego,CM42 SJT,Mercury,2006,Vehicle
60949,Ram Wagon B350,IU22 YCN,Dodge,1994,Vehicle
60950,V70,MT12 IOS,Volvo,2001,Vehicle
60951,Crown Victoria,XB22 VMG,Ford,2006,Vehicle
60952,Grand Am,SI22 FYA,Pontiac,1997,Vehicle
60953,8 Series,WP82 XER,BMW,1996,Vehicle
60954,XJ Series,HY82 USA,Jaguar,2004,Vehicle
60955,Grand Marquis,LQ12 YHR,Mercury,1993,Vehicle
60956,Sonata,HM02 BVG,Hyundai,1998,Vehicle
60957,Quest,EM82 JSP,Nissan,2005,Vehicle
60958,RX,DI52 VTI,Lexus,2000,Vehicle
60959,GTI,UM52 HLV,Volkswagen,1995,Vehicle
60960,Outback,JA12 CDW,Subaru,2009,Vehicle
60961,Charger,QM82 EUH,Dodge,1969,Vehicle
60962,Routan,YA02 HBA,Volkswagen,2009,Vehicle
60963,Mustang,CN02 DCI,Ford,2003,Vehicle
60964,Sentra,OU22 JYB,Nissan,1993,Vehicle
60965,Rally Wagon G3500,YL82 FTH,GMC,1995,Vehicle
60966,A4,UQ32 HXO,Audi,2002,Vehicle
60967,SLX,TI62 IHQ,Acura,1997,Vehicle
60968,Camaro,XI82 ZNA,Chevrolet,1992,Vehicle
60969,Tiburon,AX22 UZC,Hyundai,2000,Vehicle
60970,Explorer,NP12 GKE,Ford,2007,Vehicle
60971,Passat,DX22 AYU,Volkswagen,1995,Vehicle
60972,GX,GF12 QBZ,Lexus,2012,Vehicle
60973,Escalade EXT,JX32 UCG,Cadillac,2003,Vehicle
60974,6000,XV52 XIS,Pontiac,1990,Vehicle
60975,Sonata,PO72 VNG,Hyundai,2003,Vehicle
60976,Savana 2500,SW82 ZIN,GMC,2012,Vehicle
60977,Prowler,VF22 PXH,Chrysler,2002,Vehicle
60978,Traverse,ZQ32 YHC,Chevrolet,2012,Vehicle
60979,Durango,GA32 KXA,Dodge,2001,Vehicle
60980,Ram Van 1500,GS52 LGQ,Dodge,1995,Vehicle
60981,Altima,NU62 HWC,Nissan,1996,Vehicle
60982,Ram Van 3500,RH22 CKQ,Dodge,1996,Vehicle
60983,Grand Am,PT32 NIM,Pontiac,1985,Vehicle
60984,Esprit,MJ42 EVW,Lotus,1989,Vehicle
60985,Expedition,RU42 HPW,Ford,2006,Vehicle
60986,Range Rover,SK52 EOU,Land Rover,1999,Vehicle
60987,Mustang,PD72 FPA,Ford,1994,Vehicle
60988,Tempest,FZ12 XUF,Pontiac,1966,Vehicle
60989,1500,DI52 IGW,Chevrolet,1999,Vehicle
60990,S-Type,CL72 CZA,Jaguar,2006,Vehicle
60991,Sierra 1500,VB42 DKH,GMC,2002,Vehicle
60992,Viper,PS42 MYQ,Dodge,2008,Vehicle
60993,R32,LU82 XBQ,Volkswagen,2009,Vehicle
60994,Tacoma,BK32 LYV,Toyota,1999,Vehicle
60995,S-Class,UL62 XPV,Mercedes-Benz,2000,Vehicle
60996,Town & Country,GN32 FDH,Chrysler,2012,Vehicle
60997,Thunderbird,EC62 VOK,Ford,1989,Vehicle
60998,Impala,KY32 JAT,Chevrolet,2009,Vehicle
60999,Corolla,YF12 CIG,Toyota,2000,Vehicle
61000,Frontier,SQ82 PRA,Nissan,2002,Vehicle
61001,E-Class,CF52 JBK,Mercedes-Benz,1985,Vehicle
61002,Corolla,NE12 DAB,Toyota,2009,Vehicle
61003,900,XT62 BHS,Saab,1986,Vehicle
61004,XK,JB12 ASG,Jaguar,2010,Vehicle
61005,Eclipse,GC12 HDL,Mitsubishi,1997,Vehicle
61006,CL,UA22 DPC,Acura,2001,Vehicle
61007,Grand Prix,JF92 ZJL,Pontiac,1974,Vehicle
61008,Mini Cooper S,ZH62 OMI,Austin,1963,Vehicle
61009,Camry,IP72 SYG,Toyota,2008,Vehicle
61010,Escape,RV62 AKF,Ford,2005,Vehicle
61011,IS,DS92 DMA,Lexus,2007,Vehicle
61012,1500,KD02 FVU,Ram,2011,Vehicle
61013,Esprit,CL52 EBP,Lotus,1997,Vehicle
61014,M3,PX22 AFM,BMW,1999,Vehicle
61015,Golf,PA82 URT,Volkswagen,2012,Vehicle
61016,Ram Van B250,SA22 NAT,Dodge,1994,Vehicle
61017,Montego,YL72 EYC,Mercury,2007,Vehicle
61018,Prowler,CO72 LXH,Plymouth,2000,Vehicle
61019,Montero,UE22 HSE,Mitsubishi,1995,Vehicle
61020,Cabriolet,XL12 VEI,Audi,1998,Vehicle
61021,Sportvan G20,AQ62 AZI,Chevrolet,1995,Vehicle
61022,Ram Wagon B250,YA52 MYB,Dodge,1992,Vehicle
61023,Montana,ZR62 NLE,Pontiac,2000,Vehicle
61024,Cherokee,KI32 BTR,Jeep,1992,Vehicle
61025,Precis,GO02 QLY,Mitsubishi,1993,Vehicle
61026,Aura,SF92 KIC,Saturn,2009,Vehicle
61027,Sienna,VY22 MUN,Toyota,2010,Vehicle
61028,Ram 2500,ZL82 LZQ,Dodge,1997,Vehicle
61029,SRX,YU42 UKP,Cadillac,2004,Vehicle
61030,Fiero,RY62 QVM,Pontiac,1986,Vehicle
61031,D150,KV42 LSP,Dodge,1992,Vehicle
61032,Grand Marquis,VP92 TNF,Mercury,2003,Vehicle
61033,5 Series,OV92 HEB,BMW,1999,Vehicle
61034,Expedition,IQ62 TSQ,Ford,2012,Vehicle
61035,Regal,JF32 KSQ,Buick,1996,Vehicle
61036,xB,WK22 FPX,Scion,2011,Vehicle
61037,F250,EN42 WOI,Ford,2012,Vehicle
61038,G-Series G10,QC52 YQI,Chevrolet,1995,Vehicle
61039,Vandura G2500,VZ52 JGN,GMC,1995,Vehicle
61040,Viper,QL62 PLU,Dodge,2005,Vehicle
61041,Solstice,YM62 MOK,Pontiac,2007,Vehicle
61042,Grand Caravan,EP12 KRW,Dodge,1994,Vehicle
61043,240SX,OU92 WZN,Nissan,1995,Vehicle
61044,Borrego,GD12 NES,Kia,2009,Vehicle
61045,GS,DU72 HIP,Lexus,2010,Vehicle
61046,Grand Prix,TF42 TEZ,Pontiac,2003,Vehicle
61047,Pathfinder,PX22 LJD,Nissan,1996,Vehicle
61048,Biturbo,QI32 YCJ,Maserati,1985,Vehicle
61049,GS,UM62 UQJ,Lexus,2007,Vehicle
61050,300E,YW12 EYX,Mercedes-Benz,1993,Vehicle
61051,Passat,CI02 KSG,Volkswagen,2010,Vehicle
61052,V40,JZ32 NTZ,Volvo,2003,Vehicle
61053,Jimmy,DG22 WME,GMC,2001,Vehicle
61054,LTD Crown Victoria,FO12 LPO,Ford,1989,Vehicle
61055,XG350,CA02 LJY,Hyundai,2004,Vehicle
61056,G-Series G30,OT52 CZI,Chevrolet,1995,Vehicle
61057,F-Series Super Duty,FM92 XGK,Ford,2007,Vehicle
61058,Starion,AW22 SCM,Mitsubishi,1987,Vehicle
61059,Rodeo Sport,AO02 EVN,Isuzu,2003,Vehicle
61060,CR-V,GB92 PVG,Honda,1999,Vehicle
61061,MDX,BC02 HLE,Acura,2012,Vehicle
61062,S8,LR12 CNH,Audi,2006,Vehicle
61063,Caravan,WB42 MUD,Dodge,2012,Vehicle
61064,Coupe GT,OL22 JQX,Audi,1986,Vehicle
61065,Avenger,VU62 CLW,Dodge,1998,Vehicle
61066,Tacoma,OZ52 NTK,Toyota,2012,Vehicle
61067,Savana 3500,RB72 LAD,GMC,1997,Vehicle
61068,GTI,UF92 KGL,Volkswagen,2011,Vehicle
61069,Grand Prix,MO12 YSC,Pontiac,1992,Vehicle
61070,Pilot,TC32 OFU,Honda,2007,Vehicle
61071,Echo,DN82 LAO,Toyota,2003,Vehicle
61072,Eclipse,NM02 WGE,Mitsubishi,2011,Vehicle
61073,MKX,VA12 SBH,Lincoln,2007,Vehicle
61074,Grand Marquis,EB12 BPF,Mercury,2009,Vehicle
61075,Pathfinder,GJ82 MXC,Nissan,1992,Vehicle
61076,Sunbird,IL42 UAJ,Pontiac,1986,Vehicle
61077,Journey,XM42 GZO,Dodge,2011,Vehicle
61078,F350,MA72 BCG,Ford,2001,Vehicle
61079,Jimmy,LP62 OEM,GMC,1995,Vehicle
61080,Ram 1500 Club,AL12 SHK,Dodge,1996,Vehicle
61081,Durango,FV92 VWJ,Dodge,2012,Vehicle
61082,3 Series,RX72 ZRH,BMW,2009,Vehicle
61083,3 Series,FE82 UVJ,BMW,1997,Vehicle
61084,Cougar,VG72 VJM,Mercury,1984,Vehicle
61085,7 Series,PR82 JAZ,BMW,1996,Vehicle
61086,Passat,SO72 WKP,Volkswagen,1998,Vehicle
61087,Discovery,FZ92 HFK,Land Rover,2001,Vehicle
61088,Minx Magnificent,NM62 KUR,Hillman,1950,Vehicle
61089,Excel,FS92 OUE,Hyundai,1993,Vehicle
61090,Fortwo,RK32 KGJ,Smart,2009,Vehicle
61091,Accord,TQ52 DSV,Honda,1995,Vehicle
61092,Corolla,CX02 VGJ,Toyota,2004,Vehicle
61093,E-Series,VM12 DRW,Ford,1963,Vehicle
61094,Corvette,XQ72 VGF,Chevrolet,2001,Vehicle
61095,200SX,TZ62 SIU,Nissan,1997,Vehicle
61096,GTI,KQ72 XMA,Volkswagen,2003,Vehicle
61097,RS 6,XW52 DPG,Audi,2003,Vehicle
61098,Explorer,KA42 XMB,Ford,2006,Vehicle
61099,RAV4,FL22 AQZ,Toyota,2000,Vehicle
61100,Tundra,MQ32 XPO,Mitsubishi,2009,Vehicle
61101,Grand Marquis,HX92 TYQ,Mercury,1999,Vehicle
61102,Sonata,KR22 TVH,Hyundai,2010,Vehicle
61103,F350,XT32 FVL,Ford,2009,Vehicle
61104,XL7,JC92 TDV,Suzuki,2006,Vehicle
61105,Pathfinder,AN72 DUS,Nissan,1995,Vehicle
61106,X5,GD02 TJS,BMW,2010,Vehicle
61107,Accord,OG62 DSJ,Honda,1995,Vehicle
61108,57,EH92 MUF,Maybach,2009,Vehicle
61109,Ridgeline,RP82 OKB,Honda,2010,Vehicle
61110,Windstar,KX92 EFQ,Ford,2003,Vehicle
61111,Courier,OZ42 MCW,Ford,1986,Vehicle
61112,Quest,PH22 TUN,Nissan,2004,Vehicle
61113,QX,RU32 KZI,Infiniti,2006,Vehicle
61114,NV1500,CH82 TGB,Nissan,2012,Vehicle
61115,Expedition,XP12 GVQ,Ford,2004,Vehicle
61116,Continental,TY62 ZPB,Lincoln,1993,Vehicle
61117,Suburban 2500,PV02 MFW,Chevrolet,2006,Vehicle
61118,9000,TY62 TBN,Saab,1996,Vehicle
61119,H1,ZE22 UZK,Hummer,2004,Vehicle
61120,Topaz,ZA72 KLY,Mercury,1992,Vehicle
61121,Fit,QV82 DRY,Honda,2007,Vehicle
61122,Rodeo,CY42 HUO,Isuzu,2003,Vehicle
61123,Camaro,TB42 NHV,Chevrolet,2012,Vehicle
61124,Previa,WB42 PYI,Toyota,1995,Vehicle
61125,S6,IF92 GAM,Audi,2007,Vehicle
61126,Spirit,DE92 PNA,Dodge,1993,Vehicle
61127,RAV4,IF42 EOD,Toyota,1999,Vehicle
61128,300ZX,RL32 CRX,Nissan,1994,Vehicle
61129,Expedition,AJ32 DSV,Ford,1997,Vehicle
61130,Trooper,XY02 LTP,Isuzu,1997,Vehicle
61131,Sonata,JU42 PWT,Hyundai,2011,Vehicle
61132,Impala,HM72 IUX,Chevrolet,2012,Vehicle
61133,Riviera,PH92 ZGP,Buick,1987,Vehicle
61134,Safari,FL92 BJD,GMC,1998,Vehicle
61135,Lancer,XZ72 HBX,Mitsubishi,2010,Vehicle
61136,Durango,KT72 UFS,Dodge,2004,Vehicle
61137,Bonneville,QO22 QXT,Pontiac,1989,Vehicle
61138,LaCrosse,FE32 KXA,Buick,2010,Vehicle
61139,325,IR62 ZJN,BMW,2006,Vehicle
61140,GS,EJ32 TNJ,Lexus,2003,Vehicle
61141,C70,UW12 PUK,Volvo,2013,Vehicle
61142,GTO,DB32 UKJ,Pontiac,1964,Vehicle
61143,SLK-Class,AY02 PKM,Mercedes-Benz,2010,Vehicle
61144,Continental Mark VII,AL72 GLS,Lincoln,1985,Vehicle
61145,CR-X,HG42 VOX,Honda,1984,Vehicle
61146,Tacoma,GJ32 AHM,Toyota,2006,Vehicle
61147,Grand Vitara,FN52 QBO,Suzuki,2009,Vehicle
61148,Mountaineer,JM92 LJF,Mercury,2006,Vehicle
61149,Samurai,RT92 TJL,Suzuki,1993,Vehicle
61150,Passat,UH22 PIG,Volkswagen,2008,Vehicle
61151,Diamante,JE82 EGY,Mitsubishi,1992,Vehicle
61152,3000GT,LA92 QOI,Mitsubishi,1996,Vehicle
61153,B-Series,UB02 OSK,Mazda,2005,Vehicle
61154,1500,HX42 LZF,GMC,1996,Vehicle
61155,TT,CL22 COX,Audi,2005,Vehicle
61156,Wrangler,HC42 DTL,Jeep,1999,Vehicle
61157,E-Class,ND02 ODC,Mercedes-Benz,1986,Vehicle
61158,MR2,MG02 GYC,Toyota,2005,Vehicle
61159,Routan,LJ32 TUW,Volkswagen,2012,Vehicle
61160,S-Class,PZ82 OHR,Mercedes-Benz,2008,Vehicle
61161,240,PX02 WGH,Volvo,1992,Vehicle
61162,3500,KZ62 XKF,GMC,1997,Vehicle
61163,Z8,AI32 RMQ,BMW,2002,Vehicle
61164,xB,IS32 UTO,Scion,2005,Vehicle
61165,S2000,QA62 NCL,Honda,2000,Vehicle
61166,Silverado 1500,PR22 DTR,Chevrolet,2012,Vehicle
61167,Highlander,SM72 ISV,Toyota,2008,Vehicle
61168,ZDX,GJ72 ZTC,Acura,2012,Vehicle
61169,CTS,XD52 LQC,Cadillac,2012,Vehicle
61170,Hombre Space,XZ42 GXM,Isuzu,1999,Vehicle
61171,Sorento,RV72 MSH,Kia,2004,Vehicle
61172,LSS,XA32 QRS,Oldsmobile,1998,Vehicle
61173,Escort,RW22 IFT,Ford,1989,Vehicle
61174,Cougar,GX02 HBT,Mercury,2001,Vehicle
61175,Sentra,PV42 GVA,Nissan,1998,Vehicle
61176,350Z,FU62 YTB,Nissan,2005,Vehicle
61177,Bravada,SQ82 GKT,Oldsmobile,1993,Vehicle
61178,Ram,JI82 FUD,Dodge,2008,Vehicle
61179,Sentra,MR22 IZL,Nissan,2001,Vehicle
61180,V12 Vantage,YJ52 TZH,Aston Martin,2012,Vehicle
61181,Galant,KE82 TQI,Mitsubishi,1987,Vehicle
61182,Mustang,IM82 HZY,Ford,2009,Vehicle
61183,Suburban 2500,EW82 LWM,Chevrolet,2002,Vehicle
61184,DeVille,YS42 UQO,Cadillac,2003,Vehicle
61185,MPV,WO02 UWM,Mazda,2005,Vehicle
61186,Jetta,SP52 EVX,Volkswagen,1990,Vehicle
61187,Golf III,XJ92 FCX,Volkswagen,1995,Vehicle
61188,Firefly,OI52 ODU,Pontiac,1988,Vehicle
61189,Tahoe,SA82 AYX,Chevrolet,2007,Vehicle
61190,Monte Carlo,YK72 JUV,Chevrolet,1997,Vehicle
61191,Boxster,RD82 OJU,Porsche,2011,Vehicle
61192,Quest,MY82 TNX,Nissan,1999,Vehicle
61193,Prius,TC32 LGE,Toyota,2007,Vehicle
61194,LeSabre,ZN92 KYF,Buick,1985,Vehicle
61195,600SEC,CJ42 NKU,Mercedes-Benz,1993,Vehicle
61196,E-Series,OH62 OPF,Ford,2001,Vehicle
61197,Freelander,KF22 MKW,Land Rover,2003,Vehicle
61198,Fusion,QW62 UAN,Ford,2006,Vehicle
61199,Quattroporte,EZ22 SRP,Maserati,2010,Vehicle
61200,Pathfinder,XR02 KWC,Nissan,1996,Vehicle
61201,Silverado 2500,NX22 NTU,Chevrolet,2011,Vehicle
61202,Camry Hybrid,UZ52 IDT,Toyota,2011,Vehicle
61203,Crown Victoria,ND32 ENP,Ford,1994,Vehicle
61204,Camry,TO02 BLC,Toyota,1999,Vehicle
61205,Dakota,GB82 NXV,Dodge,2000,Vehicle
61206,LHS,ER82 BJP,Chrysler,1994,Vehicle
61207,Malibu,BF22 RJS,Chevrolet,2008,Vehicle
61208,Expedition,CZ72 PLA,Ford,2009,Vehicle
61209,S8,AI72 WHC,Audi,2008,Vehicle
61210,7 Series,QX42 QGN,BMW,2003,Vehicle
61211,Skyhawk,XM92 MTH,Buick,1984,Vehicle
61212,Ram 2500 Club,NR82 ZVS,Dodge,1999,Vehicle
61213,Sorento,YL62 KSQ,Kia,2005,Vehicle
61214,Optima,RC32 HND,Kia,2008,Vehicle
61215,RAV4,JY32 YAJ,Toyota,2000,Vehicle
61216,911,AZ82 EMT,Porsche,2001,Vehicle
61217,RX-8,CT22 IPL,Mazda,2009,Vehicle
61218,Golf,YR92 INJ,Volkswagen,1985,Vehicle
61219,M,AC52 HZO,Infiniti,2009,Vehicle
61220,Sebring,YB92 KIH,Chrysler,2008,Vehicle
61221,Silverado 2500,EG32 DRQ,Chevrolet,2008,Vehicle
61222,Tracker,UF02 JTK,Geo,1993,Vehicle
61223,Discovery,LF22 JWC,Land Rover,1994,Vehicle
61224,940,XT12 XQM,Volvo,1992,Vehicle
61225,CX-7,YC92 MCI,Mazda,2009,Vehicle
61226,E-Series,LQ12 DEN,Ford,1996,Vehicle
61227,240SX,CW72 URG,Nissan,1993,Vehicle
61228,Concorde,UA52 UAW,Chrysler,1995,Vehicle
61229,Celica,BJ92 OLZ,Toyota,1998,Vehicle
61230,C8,FI02 JIP,Spyker,2006,Vehicle
61231,T100 Xtra,XS32 ATV,Toyota,1998,Vehicle
61232,Discovery,LE52 VPI,Land Rover,2007,Vehicle
61233,C-Class,FK22 QED,Mercedes-Benz,2001,Vehicle
61234,2500,LS22 GMT,Chevrolet,1993,Vehicle
61235,Bronco,TI42 EDU,Ford,1985,Vehicle
61236,Aero 8,AG42 YMP,Morgan,2007,Vehicle
61237,MPV,XV82 AKL,Mazda,2001,Vehicle
61238,IPL G,ZY12 OAI,Infiniti,2012,Vehicle
61239,Malibu,EP02 FEU,Chevrolet,2000,Vehicle
61240,Suburban 1500,NL52 ZEH,GMC,1999,Vehicle
61241,Tribeca,DE52 OKL,Subaru,2011,Vehicle
61242,300SD,QF82 LVZ,Mercedes-Benz,1992,Vehicle
61243,B2000,MJ92 RAS,Mazda,1985,Vehicle
61244,Accord,GT82 OAT,Honda,1997,Vehicle
61245,Jetta,UQ42 ECP,Volkswagen,2005,Vehicle
61246,Excursion,SJ42 SYK,Ford,2004,Vehicle
61247,Elise,AP92 MXK,Lotus,2007,Vehicle
61248,Ram 2500 Club,SQ22 HEC,Dodge,1995,Vehicle
61249,Outlook,MB22 IZO,Saturn,2009,Vehicle
61250,Ram 3500,FV92 KDZ,Dodge,1998,Vehicle
61251,NSX,TO02 KJZ,Acura,2004,Vehicle
61252,Express 2500,GJ62 FHU,Chevrolet,2011,Vehicle
61253,Cabriolet,EX92 QKS,Volkswagen,1987,Vehicle
61254,LeMans,IB62 WXG,Pontiac,1991,Vehicle
61255,MX-6,FA42 UGT,Mazda,1992,Vehicle
61256,Express,WK02 AQW,Chevrolet,2009,Vehicle
61257,Sidekick,ON52 MWN,Suzuki,1991,Vehicle
61258,S-Class,ZR62 EJG,Mercedes-Benz,2006,Vehicle
61259,Dynasty,KY32 EMS,Dodge,1993,Vehicle
61260,Beetle,ND92 PEW,Volkswagen,1965,Vehicle
61261,Blazer,ZB92 QUG,Chevrolet,2005,Vehicle
61262,Stratus,KN12 VAK,Dodge,2000,Vehicle
61263,Marquis,YO02 SVT,Mercury,1985,Vehicle
61264,Summit,SZ02 PRF,Eagle,1994,Vehicle
61265,Ram 3500,LV62 OYC,Dodge,2002,Vehicle
61266,RDX,ZU62 XHV,Acura,2012,Vehicle
61267,Grand Caravan,SF92 TNS,Dodge,1996,Vehicle
61268,Suburban 1500,IG02 HEN,Chevrolet,1997,Vehicle
61269,XJ Series,QG12 JSH,Jaguar,1998,Vehicle
61270,Ram 1500,RG82 COM,Dodge,1996,Vehicle
61271,F150,BS52 GJA,Ford,2000,Vehicle
61272,Stratus,WX32 CBY,Dodge,2004,Vehicle
61273,Sentra,VK32 VQT,Nissan,2006,Vehicle
61274,Regency,PF12 XPU,Oldsmobile,1997,Vehicle
61275,Corvette,GY72 NUH,Chevrolet,1954,Vehicle
61276,Protege,YM12 PXR,Mazda,1998,Vehicle
61277,Tucson,DL32 BRZ,Hyundai,2007,Vehicle
61278,Ram 2500,CD72 KZM,Dodge,2001,Vehicle
61279,G,KO42 MOX,Infiniti,2002,Vehicle
61280,Highlander,DK32 DGI,Toyota,2001,Vehicle
61281,G35,PM52 PGB,Infiniti,2003,Vehicle
61282,Murciélago,CJ82 VLM,Lamborghini,2006,Vehicle
61283,S8,RU02 HTZ,Audi,2002,Vehicle
61284,Spyder,QU62 NKB,Maserati,2005,Vehicle
61285,Jetta,JA12 SDV,Volkswagen,2004,Vehicle
61286,Escort,BJ12 SFM,Ford,1990,Vehicle
61287,S8,SN82 LFG,Audi,2001,Vehicle
61288,Rocky,QG92 LEU,Daihatsu,1992,Vehicle
61289,3000GT,BV52 VLN,Mitsubishi,1996,Vehicle
61290,Ranger,HQ82 BHT,Ford,2001,Vehicle
61291,Element,XC92 BRZ,Honda,2003,Vehicle
61292,300SD,CV12 SXD,Mercedes-Benz,1993,Vehicle
61293,SC,TR52 SOT,Lexus,1995,Vehicle
61294,Cabriolet,KZ92 TPY,Volkswagen,1988,Vehicle
61295,Eurovan,OH22 VZF,Volkswagen,2001,Vehicle
61296,1500,CI32 CLA,Chevrolet,1994,Vehicle
61297,Escape,NT92 HKD,Ford,2012,Vehicle
61298,E-Class,TY32 JKY,Mercedes-Benz,2005,Vehicle
61299,Jetta,HD92 RHS,Volkswagen,1990,Vehicle
61300,CLS-Class,VH02 EOI,Mercedes-Benz,2011,Vehicle
61301,IS,EZ72 QZI,Lexus,2012,Vehicle
61302,Yaris,YR82 GHP,Toyota,2012,Vehicle
61303,Santa Fe,HD92 LDR,Hyundai,2004,Vehicle
61304,Astro,ZE62 LBI,Chevrolet,2004,Vehicle
61305,Neon,SV62 EPH,Plymouth,2000,Vehicle
61306,Express,JY62 KMG,Chevrolet,2012,Vehicle
61307,90,XT92 UOX,Audi,1994,Vehicle
61308,B-Series,TZ82 OYC,Mazda,2004,Vehicle
61309,Pilot,PH12 XOB,Honda,2008,Vehicle
61310,X5,XH62 JLP,BMW,2011,Vehicle
61311,Sephia,FR12 SVC,Kia,2001,Vehicle
61312,Integra,CM52 VFE,Acura,1993,Vehicle
61313,Esprit,YT32 SPW,Lotus,1991,Vehicle
61314,Bonneville,GE42 YOV,Pontiac,2001,Vehicle
61315,Corvette,VD42 IRU,Chevrolet,2002,Vehicle
61316,Passport,QX32 GPY,Honda,1995,Vehicle
61317,Sportage,MB22 EVF,Kia,2011,Vehicle
61318,Chariot,SY62 VEZ,Mitsubishi,1987,Vehicle
61319,Veracruz,ZR42 IKB,Hyundai,2011,Vehicle
61320,Elantra,ND12 CDV,Hyundai,1993,Vehicle
61321,IS F,HT52 BNO,Lexus,2011,Vehicle
61322,Grand Prix,TY92 YGP,Pontiac,1997,Vehicle
61323,Bonneville,SU82 XHP,Pontiac,1993,Vehicle
61324,Accord,VE42 CTF,Honda,2012,Vehicle
61325,1 Series,EQ62 CGT,BMW,2010,Vehicle
61326,929,UV32 JIW,Mazda,1987,Vehicle
61327,Avalon,NE02 BFC,Toyota,1996,Vehicle
61328,Mazda5,IX02 TUJ,Mazda,2009,Vehicle
61329,Jetta,WN02 VCG,Volkswagen,2003,Vehicle
61330,300,VU02 KFL,Chrysler,1999,Vehicle
61331,Cultus,JW12 ICH,Suzuki,1985,Vehicle
61332,Mirage,RW12 RBK,Mitsubishi,1999,Vehicle
61333,Explorer Sport,GZ32 JQU,Ford,2002,Vehicle
61334,Navigator,XP32 JIO,Lincoln,2009,Vehicle
61335,Element,DW32 IRQ,Honda,2007,Vehicle
61336,Tacoma,IV72 MYV,Toyota,2000,Vehicle
61337,XK Series,CL22 YMQ,Jaguar,2005,Vehicle
61338,Quest,CV62 CJM,Nissan,1998,Vehicle
61339,5 Series,KP62 ZPL,BMW,2004,Vehicle
61340,F150,HW32 XVW,Ford,1997,Vehicle
61341,M3,SV62 KCW,BMW,2006,Vehicle
61342,Compass,ZT52 YIK,Jeep,2012,Vehicle
61343,E-Class,BP52 QDY,Mercedes-Benz,2012,Vehicle
61344,LeSabre,CG32 REV,Buick,2001,Vehicle
61345,R-Class,XI72 LHX,Mercedes-Benz,2007,Vehicle
61346,3500,RF32 CIS,Chevrolet,1995,Vehicle
61347,G37,VK22 QLU,Infiniti,2012,Vehicle
61348,GTI,IN72 KIU,Volkswagen,1997,Vehicle
61349,GranTurismo,HU42 OJL,Maserati,2012,Vehicle
61350,Grand Vitara,JN62 EOZ,Suzuki,2008,Vehicle
61351,NSX,MK12 WTI,Acura,2004,Vehicle
61352,300M,BR12 WHS,Chrysler,2003,Vehicle
61353,Traverse,ZP62 KLY,Chevrolet,2012,Vehicle
61354,Mirage,FS62 YAQ,Mitsubishi,1996,Vehicle
61355,E-Class,ZQ62 MOL,Mercedes-Benz,2003,Vehicle
61356,CL-Class,LF62 XBS,Mercedes-Benz,2009,Vehicle
61357,B-Series,KJ52 NCW,Mazda,2000,Vehicle
61358,Charger,ZW92 OHZ,Dodge,2010,Vehicle
61359,F150,QR32 TLU,Ford,2012,Vehicle
61360,Town Car,RI82 BUR,Lincoln,1984,Vehicle
61361,Skylark,CZ72 YDA,Buick,1991,Vehicle
61362,Grand Caravan,UI92 GPI,Dodge,2010,Vehicle
61363,Tiburon,HC02 MDG,Hyundai,2005,Vehicle
61364,X6,CI72 HUM,BMW,2013,Vehicle
61365,Probe,WK32 ABM,Ford,1991,Vehicle
61366,2500,CP92 PXI,Chevrolet,1994,Vehicle
61367,Avenger,EI92 QVZ,Dodge,2000,Vehicle
61368,Safari,AE92 TJK,GMC,2003,Vehicle
61369,Solara,GE42 CTO,Toyota,2005,Vehicle
61370,SLK-Class,JF82 GDF,Mercedes-Benz,1999,Vehicle
61371,Continental Super,ZM92 PNK,Bentley,2010,Vehicle
61372,Veyron,DG12 NXD,Bugatti,2011,Vehicle
61373,Tacoma Xtra,LZ22 VLN,Toyota,1995,Vehicle
61374,X5,NY22 EBZ,BMW,2002,Vehicle
61375,Rally Wagon 2500,YX32 QJS,GMC,1992,Vehicle
61376,Cavalier,CM32 PYG,Chevrolet,2001,Vehicle
61377,190E,OE92 NET,Mercedes-Benz,1992,Vehicle
61378,QX,GI22 HPN,Infiniti,2002,Vehicle
61379,Montero,WT12 FJL,Mitsubishi,2005,Vehicle
61380,CTS,BO62 QDX,Cadillac,2009,Vehicle
61381,Montero Sport,DH82 GHV,Mitsubishi,1998,Vehicle
61382,3500,YU52 DTC,Chevrolet,1997,Vehicle
61383,Envoy XL,DE42 SBP,GMC,2005,Vehicle
61384,Spectra5,UB42 LWQ,Kia,2006,Vehicle
61385,V8 Vantage,AL42 QCS,Aston Martin,2011,Vehicle
61386,del Sol,WG12 MEI,Honda,1993,Vehicle
61387,Intrepid,VD52 MPO,Dodge,1999,Vehicle
61388,Sunfire,CY62 WSO,Pontiac,2001,Vehicle
61389,Park Avenue,YI82 RIS,Buick,1992,Vehicle
61390,Monterey,DA42 YFM,Pontiac,2005,Vehicle
61391,Impala,GN32 ANC,Chevrolet,1994,Vehicle
61392,M,LG02 NMH,BMW,2002,Vehicle
61393,B-Series,WK22 HAC,Mazda,2000,Vehicle
61394,Excursion,BR22 DVP,Ford,2004,Vehicle
61395,Odyssey,UX02 BEW,Honda,2003,Vehicle
61396,E-Series,SC52 HEU,Ford,1963,Vehicle
61397,Mustang,TG32 XBH,Ford,1994,Vehicle
61398,Expedition,WO52 AXR,Ford,1997,Vehicle
61399,Yukon,UW72 ISL,GMC,2002,Vehicle
61400,Sierra 3500,QY02 HGW,GMC,2005,Vehicle
61401,Equinox,UZ12 IXO,Chevrolet,2008,Vehicle
61402,ES,EO62 NRD,Lexus,1993,Vehicle
61403,Concorde,TX12 FSY,Chrysler,1997,Vehicle
61404,Discovery,AQ32 TGZ,Land Rover,2001,Vehicle
61405,3 Series,WR62 IHE,BMW,1998,Vehicle
61406,Protege,SF92 SBK,Mazda,1995,Vehicle
61407,Avenger,YL32 CVD,Dodge,2012,Vehicle
61408,GTI,HC02 HST,Volkswagen,1986,Vehicle
61409,xB,WX42 FDN,Scion,2010,Vehicle
61410,Impreza,OP42 MOT,Subaru,1996,Vehicle
61411,Tribute,DA42 ZCN,Mazda,2006,Vehicle
61412,Eldorado,IN82 YOP,Cadillac,1992,Vehicle
61413,Boxster,AB62 IJC,Porsche,2011,Vehicle
61414,Park Avenue,UT72 IVG,Buick,1995,Vehicle
61415,Continental Mark VII,LT42 GUW,Lincoln,1991,Vehicle
61416,Sidekick,QP52 FIG,Suzuki,1991,Vehicle
61417,Blazer,XE02 RIL,Chevrolet,2003,Vehicle
61418,DTS,ON02 CYT,Cadillac,2007,Vehicle
61419,Legacy,EO02 IEH,Subaru,2009,Vehicle
61420,9-7X,LQ22 PLX,Saab,2009,Vehicle
61421,Cabriolet,AZ42 ZFO,Volkswagen,1991,Vehicle
61422,Sable,JO32 NSD,Mercury,2001,Vehicle
61423,Legend,PU92 OJW,Acura,1993,Vehicle
61424,4Runner,FS02 OZN,Toyota,2000,Vehicle
61425,Ram 2500,OT32 GNK,Dodge,2005,Vehicle
61426,Veracruz,AL52 QFY,Hyundai,2009,Vehicle
61427,Grand Cherokee,PX72 UES,Jeep,2005,Vehicle
61428,Grand Prix,WX92 AGK,Pontiac,1994,Vehicle
61429,SLK-Class,DP42 RDB,Mercedes-Benz,2011,Vehicle
61430,M,AL52 OXC,Infiniti,2011,Vehicle
61431,Probe,IJ22 HQP,Ford,1993,Vehicle
61432,Suburban 2500,TB52 XVF,GMC,1998,Vehicle
61433,Cirrus,KP32 RQL,Chrysler,1996,Vehicle
61434,SL-Class,AM02 ORM,Mercedes-Benz,1990,Vehicle
61435,Town & Country,WS62 TXU,Chrysler,2003,Vehicle
61436,Azera,NH62 IBR,Hyundai,2010,Vehicle
61437,3000GT,MP72 FPQ,Mitsubishi,1995,Vehicle
61438,Cayman,TZ32 VEH,Porsche,2010,Vehicle
61439,X-Type,EC32 LNF,Jaguar,2006,Vehicle
61440,Mariner,ZQ02 BGU,Mercury,2006,Vehicle
61441,Grand Marquis,UL22 DVR,Mercury,1999,Vehicle
61442,Maxima,BU02 YDA,Nissan,2006,Vehicle
61443,V12 Vantage,LO52 DUW,Aston Martin,2012,Vehicle
61444,Mustang,KE62 FUW,Ford,1999,Vehicle
61445,S90,MX52 IFJ,Volvo,1997,Vehicle
61446,Outback,BV72 SQJ,Subaru,2002,Vehicle
61447,TL,HR52 CKO,Acura,1998,Vehicle
61448,Suburban 2500,IS22 FMN,Chevrolet,1998,Vehicle
61449,Montero,KM52 DKH,Mitsubishi,1997,Vehicle
61450,Civic,OG72 NFH,Honda,1992,Vehicle
61451,Silhouette,MS12 PCX,Oldsmobile,1998,Vehicle
61452,RSX,HM92 URQ,Acura,2006,Vehicle
61453,Century,SD62 PNL,Buick,1990,Vehicle
61454,Prius,PQ42 BXG,Toyota,2003,Vehicle
61455,Grand Voyager,LI62 YRU,Plymouth,1993,Vehicle
61456,Cirrus,AS82 LVW,Chrysler,2000,Vehicle
61457,Accent,RF52 OAJ,Hyundai,2001,Vehicle
61458,Passat,GZ52 SOA,Volkswagen,1991,Vehicle
61459,Explorer,QU02 XKC,Ford,1999,Vehicle
61460,Vandura 1500,YL22 BGH,GMC,1993,Vehicle
61461,Villager,XU02 PMK,Mercury,2002,Vehicle
61462,Esperante,SB02 ISF,Panoz,2006,Vehicle
61463,Grand Marquis,LB82 ZKF,Mercury,1991,Vehicle
61464,Seville,VN52 NIH,Cadillac,2002,Vehicle
61465,Express,LD02 FET,Chevrolet,2009,Vehicle
61466,Prius Plug-in,GH42 UKR,Toyota,2012,Vehicle
61467,Caliber,VP72 JEW,Dodge,2012,Vehicle
61468,Murano,QP82 GVA,Nissan,2012,Vehicle
61469,Trans Sport,DP32 DZU,Pontiac,1992,Vehicle
61470,Sentra,OP12 TJB,Nissan,2006,Vehicle
61471,Quattroporte,RZ72 BKH,Maserati,2011,Vehicle
61472,Sierra 1500,LY32 CBD,GMC,2010,Vehicle
61473,Cirrus,HW92 HNR,Chrysler,1999,Vehicle
61474,Sportage,RZ32 PAJ,Kia,2000,Vehicle
61475,EX,JR52 KOC,Infiniti,2012,Vehicle
61476,7 Series,PZ42 RWJ,BMW,2000,Vehicle
61477,Viper,UC92 HFA,Dodge,2003,Vehicle
61478,SL-Class,RE42 ZXP,Mercedes-Benz,1985,Vehicle
61479,Commander,JM82 TBV,Jeep,2009,Vehicle
61480,Coupe,XW82 FTV,Maserati,2006,Vehicle
61481,Q,BN32 CFH,Infiniti,2006,Vehicle
61482,9000,IJ72 SGW,Saab,1997,Vehicle
61483,Cayenne,VE92 JQS,Porsche,2010,Vehicle
61484,Sportage,DX92 CML,Kia,2001,Vehicle
61485,Escalade,GU22 VTN,Cadillac,2003,Vehicle
61486,Mystique,UN32 VKM,Mercury,1999,Vehicle
61487,57,EA32 UID,Maybach,2003,Vehicle
61488,Ascender,SF62 SHV,Isuzu,2006,Vehicle
61489,GT350,GL82 SKF,Shelby,1969,Vehicle
61490,Silverado,NH52 BUY,Chevrolet,2006,Vehicle
61491,RX-7,QS02 EJD,Mazda,1986,Vehicle
61492,Tracer,PD32 DMH,Mercury,1991,Vehicle
61493,RX Hybrid,HV72 HXV,Lexus,2011,Vehicle
61494,F350,FP12 FUM,Ford,2011,Vehicle
61495,TL,AN12 PIY,Acura,2007,Vehicle
61496,Escalade EXT,KN02 RCU,Cadillac,2012,Vehicle
61497,Excel,JV92 PTO,Mitsubishi,1987,Vehicle
61498,Yukon Denali,OI32 DHR,GMC,2000,Vehicle
61499,Sorento,JX72 CVL,Kia,2007,Vehicle
61500,Sonata,LH42 RMD,Hyundai,2001,Vehicle
61501,S60,FO22 BTN,Volvo,2009,Vehicle
61502,V40,RX22 UAK,Volvo,2001,Vehicle
61503,Mystique,GC32 LIW,Mercury,1997,Vehicle
61504,3 Series,EB92 IOH,BMW,2004,Vehicle
61505,Brat,OE62 SVP,Subaru,1986,Vehicle
